{"train_error": 0.05820675939321518, "valid_error": 0.10633967071771622}