{"Nnum": 0.23970229923725128, "ed": 0.6230783462524414, "Qe": 0.39633244276046753, "Ecohe": 0.22493425011634827, "EN": 0.2657719552516937, "EA": 0.11903413385152817, "I": 0.13390898704528809, "rcov": 0.14048413932323456, "rZ": 0.07728227227926254, "Ne": 0.031904321163892746, "N": 0.03703542798757553, "dMN": 0.03386061266064644}