{"train_error": 0.04134412109851837, "valid_error": 0.07506807148456573}