{"Nnum": 0.2685025930404663, "ed": 0.6214550733566284, "Qe": 0.38872289657592773, "Ecohe": 0.2107609212398529, "EN": 0.2708797752857208, "EA": 0.11631689220666885, "I": 0.13112439215183258, "rcov": 0.1541520655155182, "rZ": 0.09531227499246597, "Ne": 0.042324088513851166, "N": 0.05132017284631729, "dMN": 0.030966470018029213}