{"train_error": 0.0415501669049263, "valid_error": 0.07512013614177704}