{"Nnum": 0.2676667869091034, "ed": 0.6506012082099915, "Qe": 0.38986197113990784, "Ecohe": 0.22082273662090302, "EN": 0.2839132249355316, "EA": 0.12521183490753174, "I": 0.1428440660238266, "rcov": 0.15939684212207794, "rZ": 0.09401330351829529, "Ne": 0.047301847487688065, "N": 0.05343865230679512, "dMN": 0.04282442480325699}