{"train_error": 0.04141896963119507, "valid_error": 0.07349709421396255}