{"Nnum": 0.2661118805408478, "ed": 0.6206954717636108, "Qe": 0.39888447523117065, "Ecohe": 0.23283648490905762, "EN": 0.27697649598121643, "EA": 0.10995364189147949, "I": 0.14180824160575867, "rcov": 0.14926932752132416, "rZ": 0.0917157381772995, "Ne": 0.050526075065135956, "N": 0.04894649237394333, "dMN": 0.038861628621816635}