{"train_error": 0.04153463989496231, "valid_error": 0.07905557006597519}