{"Nnum": 0.27156463265419006, "ed": 0.6380053758621216, "Qe": 0.3863471448421478, "Ecohe": 0.2272581309080124, "EN": 0.2725670039653778, "EA": 0.10444865375757217, "I": 0.13873346149921417, "rcov": 0.14912572503089905, "rZ": 0.09651511162519455, "Ne": 0.04691293090581894, "N": 0.05750603601336479, "dMN": 0.03948463127017021}