{"train_error": 0.0438140407204628, "valid_error": 0.07745802402496338}