{"Nnum": 0.2747942805290222, "ed": 0.6518056392669678, "Qe": 0.39580458402633667, "Ecohe": 0.22976621985435486, "EN": 0.3062955141067505, "EA": 0.14271004498004913, "I": 0.1373973786830902, "rcov": 0.15788957476615906, "rZ": 0.10715150833129883, "Ne": 0.05616779252886772, "N": 0.06758745014667511, "dMN": 0.05062860995531082}