{"train_error": 0.04137507826089859, "valid_error": 0.07380391657352448}