{"Nnum": 0.2696145176887512, "ed": 0.6387041807174683, "Qe": 0.39875680208206177, "Ecohe": 0.24336886405944824, "EN": 0.28078654408454895, "EA": 0.11800716817378998, "I": 0.14476828277111053, "rcov": 0.14874185621738434, "rZ": 0.10348951816558838, "Ne": 0.052790045738220215, "N": 0.050155945122241974, "dMN": 0.04147108271718025}