{"train_error": 0.04215897247195244, "valid_error": 0.07496033608913422}