{"Nnum": 0.2662186324596405, "ed": 0.6348433494567871, "Qe": 0.395135760307312, "Ecohe": 0.24024483561515808, "EN": 0.27211886644363403, "EA": 0.10968738794326782, "I": 0.13910071551799774, "rcov": 0.14787697792053223, "rZ": 0.08902829140424728, "Ne": 0.04710794612765312, "N": 0.05088194087147713, "dMN": 0.03466356545686722}