{"train_error": 0.04365963861346245, "valid_error": 0.07829704880714417}