{"Nnum": 0.26882869005203247, "ed": 0.6412662267684937, "Qe": 0.3921910226345062, "Ecohe": 0.22187593579292297, "EN": 0.28762680292129517, "EA": 0.12592418491840363, "I": 0.14464250206947327, "rcov": 0.14165453612804413, "rZ": 0.09471718221902847, "Ne": 0.044386524707078934, "N": 0.05576249957084656, "dMN": 0.03658203408122063}