{"train_error": 0.0413145013153553, "valid_error": 0.07646690309047699}