{"Nnum": 0.26710647344589233, "ed": 0.6362370252609253, "Qe": 0.3859153985977173, "Ecohe": 0.22831659018993378, "EN": 0.2824264466762543, "EA": 0.1139126792550087, "I": 0.12414427101612091, "rcov": 0.15668845176696777, "rZ": 0.09266718477010727, "Ne": 0.04379179701209068, "N": 0.05064522475004196, "dMN": 0.03564402088522911}