{"train_error": 0.061874955892562866, "valid_error": 0.11277028173208237}