{"Nnum": 0.24257490038871765, "ed": 0.6345320343971252, "Qe": 0.3945671617984772, "Ecohe": 0.2394276112318039, "EN": 0.2656952738761902, "EA": 0.12374047189950943, "I": 0.13441447913646698, "rcov": 0.15071365237236023, "rZ": 0.08951206505298615, "Ne": 0.03531981259584427, "N": 0.039754223078489304, "dMN": 0.03451978787779808}