{"train_error": 0.06865419447422028, "valid_error": 0.11742313951253891}