{"Nnum": 0.2545575797557831, "ed": 0.6139754056930542, "Qe": 0.4279545247554779, "Ecohe": 0.2224866896867752, "EN": 0.2537664473056793, "EA": 0.13334298133850098, "I": 0.13549910485744476, "rcov": 0.13892588019371033, "rZ": 0.08679956942796707, "Ne": 0.056393854320049286, "N": 0.06047220155596733, "dMN": 0.051045965403318405}