{"train_error": 0.042247671633958817, "valid_error": 0.07353508472442627}