{"Nnum": 0.26965323090553284, "ed": 0.6336012482643127, "Qe": 0.39327603578567505, "Ecohe": 0.24100156128406525, "EN": 0.28937938809394836, "EA": 0.11823064088821411, "I": 0.13438260555267334, "rcov": 0.14053504168987274, "rZ": 0.10161612182855606, "Ne": 0.05293416976928711, "N": 0.05393453687429428, "dMN": 0.04444620758295059}