{"train_error": 0.04239336773753166, "valid_error": 0.07637853920459747}