{"Nnum": 0.265960156917572, "ed": 0.6481245160102844, "Qe": 0.4187834858894348, "Ecohe": 0.2223149538040161, "EN": 0.28919684886932373, "EA": 0.1300959289073944, "I": 0.17670154571533203, "rcov": 0.15298639237880707, "rZ": 0.12348125874996185, "Ne": 0.0747765302658081, "N": 0.06273442506790161, "dMN": 0.0684877410531044}