{"train_error": 0.04252652823925018, "valid_error": 0.07819519937038422}