{"Nnum": 0.27363839745521545, "ed": 0.6370086669921875, "Qe": 0.3978232443332672, "Ecohe": 0.22924359142780304, "EN": 0.29483264684677124, "EA": 0.14292503893375397, "I": 0.14486843347549438, "rcov": 0.16627998650074005, "rZ": 0.11256246268749237, "Ne": 0.07140956073999405, "N": 0.07724489271640778, "dMN": 0.06603365391492844}