{"train_error": 0.041202954947948456, "valid_error": 0.07494471967220306}