{"Nnum": 0.26828861236572266, "ed": 0.6242204308509827, "Qe": 0.41545963287353516, "Ecohe": 0.23654186725616455, "EN": 0.2690393924713135, "EA": 0.10689230263233185, "I": 0.14995214343070984, "rcov": 0.1347256749868393, "rZ": 0.0946747213602066, "Ne": 0.04084064066410065, "N": 0.05309344455599785, "dMN": 0.03558020293712616}