{"train_error": 0.04181671142578125, "valid_error": 0.07364915311336517}