{"Nnum": 0.2687978446483612, "ed": 0.6391687989234924, "Qe": 0.3976938724517822, "Ecohe": 0.23208384215831757, "EN": 0.2860574424266815, "EA": 0.12042587995529175, "I": 0.13127383589744568, "rcov": 0.14041538536548615, "rZ": 0.12113112211227417, "Ne": 0.04673187807202339, "N": 0.06252451241016388, "dMN": 0.03563007712364197}