{"train_error": 0.060545146465301514, "valid_error": 0.11364811658859253}