{"Nnum": 0.2451644241809845, "ed": 0.6218997240066528, "Qe": 0.3929795026779175, "Ecohe": 0.2316850870847702, "EN": 0.25575822591781616, "EA": 0.11260446161031723, "I": 0.13120895624160767, "rcov": 0.14695623517036438, "rZ": 0.07409971207380295, "Ne": 0.04145008325576782, "N": 0.04268407076597214, "dMN": 0.03350266069173813}