{"train_error": 0.044190920889377594, "valid_error": 0.07709633558988571}