{"Nnum": 0.26890671253204346, "ed": 0.6310387849807739, "Qe": 0.39760059118270874, "Ecohe": 0.23677818477153778, "EN": 0.2716723382472992, "EA": 0.10995636880397797, "I": 0.14577698707580566, "rcov": 0.14966830611228943, "rZ": 0.09290482103824615, "Ne": 0.03887564688920975, "N": 0.04314250499010086, "dMN": 0.03594518452882767}