{"train_error": 0.04191403463482857, "valid_error": 0.07410507649183273}