{"Nnum": 0.2674240469932556, "ed": 0.6396088004112244, "Qe": 0.3895673453807831, "Ecohe": 0.24122202396392822, "EN": 0.2736453413963318, "EA": 0.1134573370218277, "I": 0.14797648787498474, "rcov": 0.14391908049583435, "rZ": 0.09633425623178482, "Ne": 0.043305009603500366, "N": 0.04909629374742508, "dMN": 0.03707873821258545}