{"train_error": 0.04360491782426834, "valid_error": 0.07745437324047089}