{"Nnum": 0.26861312985420227, "ed": 0.6221347451210022, "Qe": 0.39498481154441833, "Ecohe": 0.2292976826429367, "EN": 0.26926320791244507, "EA": 0.1089588850736618, "I": 0.13728438317775726, "rcov": 0.14392010867595673, "rZ": 0.08927883207798004, "Ne": 0.038146909326314926, "N": 0.04440402612090111, "dMN": 0.031202945858240128}