{"train_error": 0.06053861975669861, "valid_error": 0.11252798140048981}