{"Nnum": 0.23471598327159882, "ed": 0.6222440004348755, "Qe": 0.3896963596343994, "Ecohe": 0.22652478516101837, "EN": 0.2697088122367859, "EA": 0.13002966344356537, "I": 0.12268737703561783, "rcov": 0.14913326501846313, "rZ": 0.08597690612077713, "Ne": 0.030902042984962463, "N": 0.04864155501127243, "dMN": 0.031954847276210785}