{"train_error": 0.041769981384277344, "valid_error": 0.07530699670314789}