{"Nnum": 0.2671685516834259, "ed": 0.6183898448944092, "Qe": 0.39379215240478516, "Ecohe": 0.22530801594257355, "EN": 0.2794216275215149, "EA": 0.11882217973470688, "I": 0.1379718780517578, "rcov": 0.14572063088417053, "rZ": 0.09358258545398712, "Ne": 0.0464010015130043, "N": 0.04703833907842636, "dMN": 0.03904840350151062}