{"train_error": 0.04670426994562149, "valid_error": 0.08439350128173828}