{"Nnum": 0.2743723690509796, "ed": 0.6321843862533569, "Qe": 0.40341272950172424, "Ecohe": 0.2441645860671997, "EN": 0.27762115001678467, "EA": 0.13202373683452606, "I": 0.15461018681526184, "rcov": 0.1492140293121338, "rZ": 0.09526556730270386, "Ne": 0.06953305751085281, "N": 0.06170374155044556, "dMN": 0.05112134665250778}