{"train_error": 0.043844014406204224, "valid_error": 0.07976191490888596}