{"Nnum": 0.26791781187057495, "ed": 0.6282327771186829, "Qe": 0.39491817355155945, "Ecohe": 0.24072596430778503, "EN": 0.2814304232597351, "EA": 0.11143368482589722, "I": 0.13472649455070496, "rcov": 0.14269106090068817, "rZ": 0.0956440418958664, "Ne": 0.047362785786390305, "N": 0.05155964568257332, "dMN": 0.02984335459768772}